document_id,cik,company,form,filing_date,report_date,year,filing_path,raw_bytes,size_bucket,p_count,div_count,span_count,table_count,td_count,th_count,html_heading_tag_count,heading_candidate_count,heading_inside_table_count,heading_inside_table_ratio,heading_reachable_count,heading_reachable_ratio,maximum_heading_table_depth,dominant_heading_tag,dominant_text_tag,structural_signature,structural_family,current_parser_risk,parser_archetype,selection_order
sec_0001423689_0001423689-25-000073,0001423689,AGNC Investment Corp.,10-Q,2025-08-01,2025-06-30,2025,sec/0001423689/0001423689-25-000073/agnc-20250630.htm,2850551,large,0,1217,6203,62,15924,0,0,26,13,0.5,0,0.0,1,span,span,heading_tag=span|heading_reach=0|heading_table=medium|p=0|div=251_plus|span=251_plus|table=51_250|headings=11_50,SF_bc08016399,high,heading=span|reach=0|table=medium|p=absent,1
sec_0000712034_0001193125-26-328057,0000712034,ACCO BRANDS Corp,10-Q,2026-07-31,2026-06-30,2026,sec/0000712034/0001193125-26-328057/acco-20260630.htm,3793659,large,8502,234,9430,61,8567,0,0,39,26,0.6667,13,0.3333,1,span,span,heading_tag=span|heading_reach=medium|heading_table=medium|p=251_plus|div=51_250|span=251_plus|table=51_250|headings=11_50,SF_c05fcaa157,medium,heading=span|reach=medium|table=medium|p=present,2
sec_0001160420_0001683168-26-003957,0001160420,"Adia Nutrition, Inc.",10-Q,2026-05-15,2026-03-31,2026,sec/0001160420/0001683168-26-003957/adia_i10q-033126.htm,1015659,medium,807,68,1042,71,5314,0,0,26,13,0.5,13,0.5,1,b,span,heading_tag=b|heading_reach=medium|heading_table=medium|p=251_plus|div=51_250|span=251_plus|table=51_250|headings=11_50,SF_6c1c5050d8,medium,heading=b|reach=medium|table=medium|p=present,3
sec_0000927003_0001558370-25-010287,0000927003,ADVANCED ENERGY INDUSTRIES INC,10-Q,2025-08-05,2025-06-30,2025,sec/0000927003/0001558370-25-010287/aeis-20250630x10q.htm,2417334,large,7356,1326,4568,81,6920,11,0,28,15,0.5357,13,0.4643,1,p,p,heading_tag=p|heading_reach=medium|heading_table=medium|p=251_plus|div=251_plus|span=251_plus|table=51_250|headings=11_50,SF_55f55f7aa2,medium,heading=p|reach=medium|table=medium|p=present,4
sec_0001267238_0001267238-26-000027,0001267238,"ASSURANT, INC.",10-Q,2026-05-07,2026-03-31,2026,sec/0001267238/0001267238-26-000027/aiz-20260331.htm,1921935,medium,0,5011,3510,81,9883,0,0,11,2,0.1818,0,0.0,1,span,div,heading_tag=span|heading_reach=0|heading_table=low|p=0|div=251_plus|span=251_plus|table=51_250|headings=11_50,SF_0a484c4a62,high,heading=span|reach=0|table=low|p=absent,5
sec_0001672571_0001493152-26-038392,0001672571,Antiaging Quantum Living Inc.,10-Q,2026-08-14,2026-06-30,2026,sec/0001672571/0001493152-26-038392/form10-q.htm,726570,small,831,70,1447,67,2783,0,0,16,2,0.125,14,0.875,1,b,span,heading_tag=b|heading_reach=high|heading_table=low|p=251_plus|div=51_250|span=251_plus|table=51_250|headings=11_50,SF_80a77a6ef0,low,heading=b|reach=high|table=low|p=present,6
sec_0001984060_0001193125-26-206587,0001984060,Atlas Energy Solutions Inc.,10-Q,2026-05-05,2026-03-31,2026,sec/0001984060/0001193125-26-206587/aesi-20260331.htm,3254366,large,6355,396,7948,51,6102,0,0,16,13,0.8125,3,0.1875,1,span,span,heading_tag=span|heading_reach=low|heading_table=high|p=251_plus|div=251_plus|span=251_plus|table=51_250|headings=11_50,SF_df810e5f45,high,heading=span|reach=low|table=high|p=present,7
sec_0002073553_0001493152-26-022496,0002073553,AI Infrastructure Acquisition Corp.,10-Q,2026-05-12,2026-03-31,2026,sec/0002073553/0001493152-26-022496/form10-q.htm,416935,small,520,54,832,43,1068,0,0,41,28,0.6829,13,0.3171,1,td,span,heading_tag=td|heading_reach=medium|heading_table=medium|p=251_plus|div=51_250|span=251_plus|table=11_50|headings=11_50,SF_6c02e46b0a,medium,heading=td|reach=medium|table=medium|p=present,8
sec_0000946644_0001493152-25-011986,0000946644,AIM ImmunoTech Inc.,10-Q,2025-08-14,2025-06-30,2025,sec/0000946644/0001493152-25-011986/form10-q.htm,1165690,medium,1038,102,1866,141,3356,0,0,13,0,0.0,13,1.0,0,b,span,heading_tag=b|heading_reach=high|heading_table=0|p=251_plus|div=51_250|span=251_plus|table=51_250|headings=11_50,SF_63e140b634,low,heading=b|reach=high|table=0|p=present,9
sec_0000880984_0001493152-26-036270,0000880984,"ACORN ENERGY, INC.",10-Q,2026-08-06,2026-06-30,2026,sec/0000880984/0001493152-26-036270/form10-q.htm,996917,medium,688,64,1261,89,5961,0,0,16,14,0.875,2,0.125,1,b,span,heading_tag=b|heading_reach=low|heading_table=high|p=251_plus|div=51_250|span=251_plus|table=51_250|headings=11_50,SF_e6168f173f,high,heading=b|reach=low|table=high|p=present,10
sec_0002079173_0001193125-26-347016,0002079173,American Exceptionalism Acquisition Corp. A,10-Q,2026-08-12,2026-06-30,2026,sec/0002079173/0001193125-26-347016/d174666d10q.htm,452398,small,94,1160,19,26,1672,0,0,26,13,0.5,4,0.1538,1,p,div,heading_tag=p|heading_reach=low|heading_table=medium|p=51_250|div=251_plus|span=11_50|table=11_50|headings=11_50,SF_022658ca2e,high,heading=p|reach=low|table=medium|p=present,11
sec_0000899629_0000950170-25-100264,0000899629,ACADIA REALTY TRUST,10-Q,2025-07-30,2025-06-30,2025,sec/0000899629/0000950170-25-100264/akr-20250630.htm,7183320,very_large,16197,406,18469,69,16383,0,0,21,4,0.1905,17,0.8095,1,span,span,heading_tag=span|heading_reach=high|heading_table=low|p=251_plus|div=251_plus|span=251_plus|table=51_250|headings=11_50,SF_2e33566791,low,heading=span|reach=high|table=low|p=present,12
sec_0001368514_0001140361-26-031445,0001368514,"ADMA BIOLOGICS, INC.",10-Q,2026-08-05,2026-06-30,2026,sec/0001368514/0001140361-26-031445/ef20075111_10q.htm,1693881,medium,0,2933,1023,48,9157,0,0,26,13,0.5,0,0.0,1,div,div,heading_tag=div|heading_reach=0|heading_table=medium|p=0|div=251_plus|span=251_plus|table=11_50|headings=11_50,SF_bf6e918102,high,heading=div|reach=0|table=medium|p=absent,13
sec_0001622996_0001640334-26-000824,0001622996,"ACRO BIOMEDICAL CO., LTD.",10-Q,2026-05-05,2026-03-31,2026,sec/0001622996/0001640334-26-000824/acbm_10q.htm,280507,small,1334,1,17,34,1362,0,0,13,7,0.5385,6,0.4615,1,strong,p,heading_tag=strong|heading_reach=medium|heading_table=medium|p=251_plus|div=1_10|span=11_50|table=11_50|headings=11_50,SF_73b209e930,medium,heading=strong|reach=medium|table=medium|p=present,14
sec_0000001750_0001104659-26-085459,0000001750,AAR CORP,10-K,2026-07-22,2026-05-31,2026,sec/0000001750/0001104659-26-085459/air-20260531x10k.htm,3591638,large,9513,2025,5052,178,8350,78,0,79,60,0.7595,19,0.2405,1,p,p,heading_tag=p|heading_reach=low|heading_table=high|p=251_plus|div=251_plus|span=251_plus|table=51_250|headings=51_250,SF_857f1d7873,high,heading=p|reach=low|table=high|p=present,15
sec_0001267395_0001267395-18-000093,0001267395,ASPEN INSURANCE HOLDINGS LTD,10-Q,2018-08-08,2018-06-30,2018,sec/0001267395/0001267395-18-000093/ahl10-qq22018doc.htm,3239901,large,0,12802,0,195,12979,0,0,28,15,0.5357,0,0.0,1,font,div,heading_tag=font|heading_reach=0|heading_table=medium|p=0|div=251_plus|span=0|table=51_250|headings=11_50,SF_b30f08a60f,high,heading=font|reach=0|table=medium|p=absent,16
sec_0000824142_0000824142-25-000199,0000824142,"AAON, INC.",10-Q,2025-11-06,2025-09-30,2025,sec/0000824142/0000824142-25-000199/aaon-20250930.htm,1695836,medium,0,1009,4003,74,8280,0,0,14,0,0.0,0,0.0,0,span,span,heading_tag=span|heading_reach=0|heading_table=0|p=0|div=251_plus|span=251_plus|table=51_250|headings=11_50,SF_eddc436353,high,heading=span|reach=0|table=0|p=absent,17
sec_0000821130_0000821130-25-000051,0000821130,"ARRAY DIGITAL INFRASTRUCTURE, INC.",10-Q,2025-08-11,2025-06-30,2025,sec/0000821130/0000821130-25-000051/usm-20250630.htm,1688644,medium,0,1189,4029,64,8260,0,0,10,10,1.0,0,0.0,1,span,span,heading_tag=span|heading_reach=0|heading_table=high|p=0|div=251_plus|span=251_plus|table=51_250|headings=1_10,SF_71d9f53121,high,heading=span|reach=0|table=high|p=absent,18
sec_0001852016_0001193125-25-277283,0001852016,AltEnergy Acquisition Corp,10-Q,2025-11-12,2025-09-30,2025,sec/0001852016/0001193125-25-277283/d947746d10q.htm,886996,medium,174,1763,62,42,3498,0,14,24,11,0.4583,4,0.1667,1,td,div,heading_tag=td|heading_reach=low|heading_table=medium|p=51_250|div=251_plus|span=51_250|table=11_50|headings=11_50,SF_c46b104c34,high,heading=td|reach=low|table=medium|p=present,19
sec_0000943034_0000897101-22-001001,0000943034,AUTOSCOPE TECHNOLOGIES CORP,10-Q,2022-11-16,2022-09-30,2022,sec/0000943034/0000897101-22-001001/aatc-20220930.htm,1241807,medium,1372,267,2705,75,4535,0,2,36,13,0.3611,0,0.0,1,span,span,heading_tag=span|heading_reach=0|heading_table=medium|p=251_plus|div=251_plus|span=251_plus|table=51_250|headings=11_50,SF_8ae8371fa2,high,heading=span|reach=0|table=medium|p=present,20
sec_0000008177_0001140361-25-010239,0000008177,ATLANTIC AMERICAN CORP,10-K,2025-03-25,2024-12-31,2024,sec/0000008177/0001140361-25-010239/ef20038925_10k.htm,3838209,large,0,6540,483,163,14484,0,0,52,45,0.8654,0,0.0,1,div,div,heading_tag=div|heading_reach=0|heading_table=high|p=0|div=251_plus|span=251_plus|table=51_250|headings=51_250,SF_9cc801a6f1,high,heading=div|reach=0|table=high|p=absent,21
sec_0002035832_0001193125-26-131748,0002035832,"Aktis Oncology, Inc.",10-K,2026-03-30,2025-12-31,2025,sec/0002035832/0001193125-26-131748/aktis_12.31.25_10k.htm,4122147,large,7324,1579,0,55,5879,0,0,38,27,0.7105,11,0.2895,1,font,p,heading_tag=font|heading_reach=medium|heading_table=medium|p=251_plus|div=251_plus|span=0|table=51_250|headings=11_50,SF_97c305788a,medium,heading=font|reach=medium|table=medium|p=present,22
sec_0001113232_0001104659-26-020461,0001113232,AXCELIS TECHNOLOGIES INC,10-K,2026-02-26,2025-12-31,2025,sec/0001113232/0001104659-26-020461/acls-20251231x10k.htm,3058607,large,9018,1596,5441,161,7752,12,0,26,0,0.0,26,1.0,0,p,p,heading_tag=p|heading_reach=high|heading_table=0|p=251_plus|div=251_plus|span=251_plus|table=51_250|headings=11_50,SF_d2a7a6c635,low,heading=p|reach=high|table=0|p=present,23
sec_0000943034_0000897101-22-000525,0000943034,AUTOSCOPE TECHNOLOGIES CORP,10-Q,2022-05-16,2022-03-31,2022,sec/0000943034/0000897101-22-000525/aatc-20220331.htm,991273,medium,1357,282,2254,75,3294,0,2,39,13,0.3333,0,0.0,1,td,span,heading_tag=td|heading_reach=0|heading_table=medium|p=251_plus|div=251_plus|span=251_plus|table=51_250|headings=11_50,SF_4e554daab4,high,heading=td|reach=0|table=medium|p=present,24
sec_0001774857_0001193125-26-119770,0001774857,"Aardvark Therapeutics, Inc.",10-K,2026-03-23,2025-12-31,2025,sec/0001774857/0001193125-26-119770/ck0001774857-20251231.htm,3747538,large,6258,2057,8251,47,4974,0,0,36,27,0.75,9,0.25,1,span,span,heading_tag=span|heading_reach=low|heading_table=medium|p=251_plus|div=251_plus|span=251_plus|table=11_50|headings=11_50,SF_34c296d3e8,medium,heading=span|reach=low|table=medium|p=present,25
sec_0000320193_0000320193-24-000123,0000320193,Apple Inc.,10-K,2024-11-01,2024-09-28,2024,sec/0000320193/0000320193-24-000123/aapl-20240928.htm,1503780,medium,0,1339,3308,63,6337,0,0,54,27,0.5,0,0.0,1,span,span,heading_tag=span|heading_reach=0|heading_table=medium|p=0|div=251_plus|span=251_plus|table=51_250|headings=51_250,SF_14785e5fdd,high,heading=span|reach=0|table=medium|p=absent,26
sec_0000825313_0000825313-26-000032,0000825313,ALLIANCEBERNSTEIN HOLDING L.P.,10-Q,2026-05-01,2026-03-31,2026,sec/0000825313/0000825313-26-000032/ab-20260331.htm,452046,small,0,532,1202,28,2487,0,0,27,14,0.5185,0,0.0,1,span,span,heading_tag=span|heading_reach=0|heading_table=medium|p=0|div=251_plus|span=251_plus|table=11_50|headings=11_50,SF_d41567ce83,high,heading=span|reach=0|table=medium|p=absent,27
sec_0000947484_0000947484-26-000017,0000947484,ARCH CAPITAL GROUP LTD.,10-K,2026-02-26,2025-12-31,2025,sec/0000947484/0000947484-26-000017/acgl-20251231.htm,7359246,very_large,0,4682,14117,455,36868,0,0,54,27,0.5,0,0.0,1,span,span,heading_tag=span|heading_reach=0|heading_table=medium|p=0|div=251_plus|span=251_plus|table=251_plus|headings=51_250,SF_707b1d4a18,high,heading=span|reach=0|table=medium|p=absent,28
sec_0001134982_0001477932-26-002110,0001134982,"Apple iSports Group, Inc.",10-K,2026-04-10,2025-12-31,2025,sec/0001134982/0001477932-26-002110/aapi_10k.htm,982661,medium,4541,1,142,121,4097,0,0,50,24,0.48,26,0.52,1,span,p,heading_tag=span|heading_reach=medium|heading_table=medium|p=251_plus|div=1_10|span=51_250|table=51_250|headings=11_50,SF_d8f51455b2,medium,heading=span|reach=medium|table=medium|p=present,29
sec_0001823584_0001493152-25-012989,0001823584,ALLIANCE ENTERTAINMENT HOLDING CORP,10-K,2025-09-10,2025-06-30,2025,sec/0001823584/0001493152-25-012989/form10-k.htm,2155853,large,2167,231,4812,303,7421,0,0,45,18,0.4,27,0.6,1,b,span,heading_tag=b|heading_reach=medium|heading_table=medium|p=251_plus|div=51_250|span=251_plus|table=251_plus|headings=11_50,SF_d01538377e,medium,heading=b|reach=medium|table=medium|p=present,30
sec_0001576885_0001628280-26-021413,0001576885,"Acumen Pharmaceuticals, Inc.",10-K,2026-03-26,2025-12-31,2025,sec/0001576885/0001628280-26-021413/abos-20251231.htm,1643204,medium,0,2238,3619,46,3691,0,0,54,27,0.5,0,0.0,1,span,span,heading_tag=span|heading_reach=0|heading_table=medium|p=0|div=251_plus|span=251_plus|table=11_50|headings=51_250,SF_4d17018e8d,high,heading=span|reach=0|table=medium|p=absent,31
sec_0000004904_0000004904-26-000059,0000004904,AMERICAN ELECTRIC POWER CO INC,10-Q,2026-07-30,2026-06-30,2026,sec/0000004904/0000004904-26-000059/aep-20260630.htm,11042792,very_large,0,4701,21821,240,58700,0,0,18,9,0.5,0,0.0,1,span,span,heading_tag=span|heading_reach=0|heading_table=medium|p=0|div=251_plus|span=251_plus|table=51_250|headings=11_50,SF_bc08016399,high,heading=span|reach=0|table=medium|p=absent,32
sec_0001338929_0001477932-25-002774,0001338929,"Authentic Holdings, Inc.",10-K,2025-04-16,2024-12-31,2024,sec/0001338929/0001477932-25-002774/ahro_10k.htm,1202336,medium,5533,1,136,125,5192,0,0,52,26,0.5,26,0.5,1,p,p,heading_tag=p|heading_reach=medium|heading_table=medium|p=251_plus|div=1_10|span=51_250|table=51_250|headings=51_250,SF_3dc4dee8bc,medium,heading=p|reach=medium|table=medium|p=present,33
sec_0001632970_0001193125-26-082692,0001632970,"American Healthcare REIT, Inc.",10-K,2026-02-27,2025-12-31,2025,sec/0001632970/0001193125-26-082692/ahr-20251231.htm,12406022,very_large,27378,1008,30150,98,26949,0,0,80,53,0.6625,27,0.3375,1,span,span,heading_tag=span|heading_reach=medium|heading_table=medium|p=251_plus|div=251_plus|span=251_plus|table=51_250|headings=51_250,SF_c20020fbce,medium,heading=span|reach=medium|table=medium|p=present,34
sec_0001781726_0001493152-23-016948,0001781726,NP Life Sciences Health Industry Group Inc.,10-Q,2023-05-15,2023-03-31,2023,sec/0001781726/0001493152-23-016948/form10-q.htm,310083,small,413,42,330,57,1451,0,0,24,13,0.5417,11,0.4583,1,b,p,heading_tag=b|heading_reach=medium|heading_table=medium|p=251_plus|div=11_50|span=251_plus|table=51_250|headings=11_50,SF_00b508a1ce,medium,heading=b|reach=medium|table=medium|p=present,35
sec_0002007587_0002007587-26-000093,0002007587,"American Integrity Insurance Group, Inc.",10-Q,2026-08-13,2026-06-30,2026,sec/0002007587/0002007587-26-000093/aii-20260630.htm,2969946,large,0,10079,11091,181,4804,0,0,28,14,0.5,0,0.0,1,span,span,heading_tag=span|heading_reach=0|heading_table=medium|p=0|div=251_plus|span=251_plus|table=51_250|headings=11_50,SF_bc08016399,high,heading=span|reach=0|table=medium|p=absent,36
sec_0000005272_0000005272-26-000023,0000005272,"AMERICAN INTERNATIONAL GROUP, INC.",10-K,2026-02-12,2025-12-31,2025,sec/0000005272/0000005272-26-000023/aig-20251231.htm,9811602,very_large,0,5365,23529,467,52047,0,0,194,10,0.0515,0,0.0,1,span,span,heading_tag=span|heading_reach=0|heading_table=low|p=0|div=251_plus|span=251_plus|table=251_plus|headings=51_250,SF_488c01bb98,high,heading=span|reach=0|table=low|p=absent,37
sec_0000715579_0001628280-25-050257,0000715579,ACNB CORP,10-Q,2025-11-06,2025-09-30,2025,sec/0000715579/0001628280-25-050257/acnb-20250930.htm,3651372,large,0,1045,8747,77,17578,0,0,26,13,0.5,0,0.0,1,span,span,heading_tag=span|heading_reach=0|heading_table=medium|p=0|div=251_plus|span=251_plus|table=51_250|headings=11_50,SF_bc08016399,high,heading=span|reach=0|table=medium|p=absent,38
sec_0001009891_0001213900-26-055772,0001009891,AIR INDUSTRIES GROUP,10-Q,2026-05-13,2026-03-31,2026,sec/0001009891/0001213900-26-055772/ea0289575-10q_airindus.htm,567547,small,688,668,155,57,3482,0,0,16,8,0.5,8,0.5,1,span,p,heading_tag=span|heading_reach=medium|heading_table=medium|p=251_plus|div=251_plus|span=51_250|table=51_250|headings=11_50,SF_dec8d77d29,medium,heading=span|reach=medium|table=medium|p=present,39
sec_0001090872_0001090872-26-000023,0001090872,"AGILENT TECHNOLOGIES, INC.",10-Q,2026-03-03,2026-01-31,2026,sec/0001090872/0001090872-26-000023/a-20260131.htm,1581854,medium,0,1604,3582,56,8511,0,0,22,11,0.5,0,0.0,1,span,span,heading_tag=span|heading_reach=0|heading_table=medium|p=0|div=251_plus|span=251_plus|table=51_250|headings=11_50,SF_bc08016399,high,heading=span|reach=0|table=medium|p=absent,40
sec_0001642122_0001437749-24-025923,0001642122,"Associated Capital Group, Inc.",10-Q,2024-08-09,2024-06-30,2024,sec/0001642122/0001437749-24-025923/ac20240630_10q.htm,1428143,medium,1380,194,47,53,6346,0,0,18,10,0.5556,8,0.4444,1,b,p,heading_tag=b|heading_reach=medium|heading_table=medium|p=251_plus|div=51_250|span=11_50|table=51_250|headings=11_50,SF_ee14864317,medium,heading=b|reach=medium|table=medium|p=present,41
sec_0001584618_0001014897-17-000131,0001584618,"Atacama Resources International, Inc.",10-Q,2017-05-25,2017-03-31,2017,sec/0001584618/0001014897-17-000131/atacama10q1q17v3.htm,182687,small,1083,7,0,18,587,0,0,26,11,0.4231,15,0.5769,1,p,p,heading_tag=p|heading_reach=medium|heading_table=medium|p=251_plus|div=1_10|span=0|table=11_50|headings=11_50,SF_7debb0b572,medium,heading=p|reach=medium|table=medium|p=present,42
sec_0001139685_0001213900-26-037667,0001139685,"20/20 Biolabs, Inc.",10-K,2026-03-31,2025-12-31,2025,sec/0001139685/0001213900-26-037667/ea0283134-10k_2020bio.htm,1877068,medium,2499,2772,5587,210,6316,0,0,54,50,0.9259,4,0.0741,1,span,span,heading_tag=span|heading_reach=low|heading_table=high|p=251_plus|div=251_plus|span=251_plus|table=51_250|headings=51_250,SF_f97ec75fd8,high,heading=span|reach=low|table=high|p=present,43
sec_0001253986_0001253986-26-000048,0001253986,ARBOR REALTY TRUST INC,10-Q,2026-07-31,2026-06-30,2026,sec/0001253986/0001253986-26-000048/abr-20260630.htm,4020346,large,0,1309,7525,75,18080,0,0,24,12,0.5,0,0.0,1,span,span,heading_tag=span|heading_reach=0|heading_table=medium|p=0|div=251_plus|span=251_plus|table=51_250|headings=11_50,SF_bc08016399,high,heading=span|reach=0|table=medium|p=absent,44
sec_0001040470_0001654954-26-006919,0001040470,AEHR TEST SYSTEMS,10-K,2026-07-27,2026-05-29,2026,sec/0001040470/0001654954-26-006919/aehr_10k.htm,1588165,medium,6453,1,42,140,7130,0,0,55,28,0.5091,27,0.4909,1,span,p,heading_tag=span|heading_reach=medium|heading_table=medium|p=251_plus|div=1_10|span=11_50|table=51_250|headings=51_250,SF_f1b3648872,medium,heading=span|reach=medium|table=medium|p=present,45
sec_0001569187_0001569187-26-000071,0001569187,"AH Realty Trust, Inc.",10-Q,2026-05-07,2026-03-31,2026,sec/0001569187/0001569187-26-000071/ahh-20260331.htm,2492067,large,0,2057,5547,71,13416,0,0,26,13,0.5,0,0.0,1,span,span,heading_tag=span|heading_reach=0|heading_table=medium|p=0|div=251_plus|span=251_plus|table=51_250|headings=11_50,SF_bc08016399,high,heading=span|reach=0|table=medium|p=absent,46
sec_0001517022_0001517022-26-000051,0001517022,"Akebia Therapeutics, Inc.",10-Q,2026-08-05,2026-06-30,2026,sec/0001517022/0001517022-26-000051/akba-20260630.htm,2233703,large,0,2288,5068,49,5746,0,0,15,2,0.1333,0,0.0,1,span,span,heading_tag=span|heading_reach=0|heading_table=low|p=0|div=251_plus|span=251_plus|table=11_50|headings=11_50,SF_da0fc63e88,high,heading=span|reach=0|table=low|p=absent,47
sec_0001171008_0001493152-22-032302,0001171008,ADAMANT DRI PROCESSING & MINERALS GROUP,10-Q,2022-11-14,2022-09-30,2022,sec/0001171008/0001493152-22-032302/form10-q.htm,433731,small,459,44,732,41,2489,0,0,21,14,0.6667,7,0.3333,1,b,span,heading_tag=b|heading_reach=medium|heading_table=medium|p=251_plus|div=11_50|span=251_plus|table=11_50|headings=11_50,SF_8368de974b,medium,heading=b|reach=medium|table=medium|p=present,48
sec_0001744494_0001829126-25-004289,0001744494,"ADVENT TECHNOLOGIES HOLDINGS, INC.",10-K,2025-06-06,2024-12-31,2024,sec/0001744494/0001829126-25-004289/adventtech_10k.htm,2802140,large,3033,316,3230,308,10694,0,0,53,49,0.9245,4,0.0755,1,b,span,heading_tag=b|heading_reach=low|heading_table=high|p=251_plus|div=251_plus|span=251_plus|table=251_plus|headings=51_250,SF_eedfb7eec6,high,heading=b|reach=low|table=high|p=present,49
sec_0000001800_0001628280-26-050134,0000001800,ABBOTT LABORATORIES,10-Q,2026-07-28,2026-06-30,2026,sec/0000001800/0001628280-26-050134/abt-20260630.htm,1580277,medium,0,773,2891,48,6795,0,0,15,8,0.5333,0,0.0,1,span,span,heading_tag=span|heading_reach=0|heading_table=medium|p=0|div=251_plus|span=251_plus|table=11_50|headings=11_50,SF_d41567ce83,high,heading=span|reach=0|table=medium|p=absent,50
sec_0001415311_0001193125-26-214433,0001415311,ProShares Trust II,10-Q,2026-05-08,2026-03-31,2026,sec/0001415311/0001193125-26-214433/d150907d10q.htm,6169275,very_large,1092,8358,448,344,39375,0,53,26,13,0.5,8,0.3077,1,p,div,heading_tag=p|heading_reach=medium|heading_table=medium|p=251_plus|div=251_plus|span=251_plus|table=251_plus|headings=11_50,SF_03df073b49,medium,heading=p|reach=medium|table=medium|p=present,51
sec_0001708646_0001193125-25-271745,0001708646,Goldman Sachs Physical Gold ETF,10-Q,2025-11-07,2025-09-30,2025,sec/0001708646/0001193125-25-271745/d947585d10q.htm,491127,small,105,1415,53,27,2821,0,0,26,13,0.5,3,0.1154,1,p,div,heading_tag=p|heading_reach=low|heading_table=medium|p=51_250|div=251_plus|span=51_250|table=11_50|headings=11_50,SF_b84c643b6a,high,heading=p|reach=low|table=medium|p=present,52
sec_0001514443_0001213900-26-073232,0001514443,"AMERIGUARD SECURITY SERVICES, INC.",10-K,2026-06-29,2025-12-31,2025,sec/0001514443/0001213900-26-073232/ea0286525-10k_ameriguard.htm,837238,medium,1106,100,1902,48,2691,0,0,52,26,0.5,26,0.5,1,span,span,heading_tag=span|heading_reach=medium|heading_table=medium|p=251_plus|div=51_250|span=251_plus|table=11_50|headings=51_250,SF_90baa4bdf4,medium,heading=span|reach=medium|table=medium|p=present,53
sec_0001703057_0001703057-25-000011,0001703057,AbCellera Biologics Inc.,10-Q,2025-08-07,2025-06-30,2025,sec/0001703057/0001703057-25-000011/abcl-20250630.htm,1485951,medium,0,1482,3371,43,4965,0,0,22,11,0.5,0,0.0,1,span,span,heading_tag=span|heading_reach=0|heading_table=medium|p=0|div=251_plus|span=251_plus|table=11_50|headings=11_50,SF_d41567ce83,high,heading=span|reach=0|table=medium|p=absent,54
sec_0001545236_0001255294-14-000265,0001545236,American Heritage International Inc.,10-K,2014-03-31,2013-12-31,2013,sec/0001545236/0001255294-14-000265/mainbody.htm,694119,small,1243,94,0,127,2235,0,0,48,24,0.5,24,0.5,1,b,p,heading_tag=b|heading_reach=medium|heading_table=medium|p=251_plus|div=51_250|span=0|table=51_250|headings=11_50,SF_ead2706b55,medium,heading=b|reach=medium|table=medium|p=present,55
sec_0001368514_0001140361-26-006815,0001368514,"ADMA BIOLOGICS, INC.",10-K,2026-02-25,2025-12-31,2025,sec/0001368514/0001140361-26-006815/ef20059416_10-k.htm,2200995,large,0,5312,1431,67,9501,0,0,54,27,0.5,0,0.0,1,div,div,heading_tag=div|heading_reach=0|heading_table=medium|p=0|div=251_plus|span=251_plus|table=51_250|headings=51_250,SF_bacad384cf,high,heading=div|reach=0|table=medium|p=absent,56
sec_0000007084_0000007084-25-000052,0000007084,Archer-Daniels-Midland Co,10-Q,2025-11-04,2025-09-30,2025,sec/0000007084/0000007084-25-000052/adm-20250930.htm,2497803,large,0,1683,5939,61,12277,0,0,23,11,0.4783,0,0.0,1,span,span,heading_tag=span|heading_reach=0|heading_table=medium|p=0|div=251_plus|span=251_plus|table=51_250|headings=11_50,SF_bc08016399,high,heading=span|reach=0|table=medium|p=absent,57
sec_0000002098_0001193125-26-102079,0000002098,ACME UNITED CORP,10-K,2026-03-11,2025-12-31,2025,sec/0000002098/0001193125-26-102079/acu-20251231.htm,2458044,large,5223,398,6209,39,4586,0,0,81,54,0.6667,27,0.3333,1,span,span,heading_tag=span|heading_reach=medium|heading_table=medium|p=251_plus|div=251_plus|span=251_plus|table=11_50|headings=51_250,SF_7596784623,medium,heading=span|reach=medium|table=medium|p=present,58
sec_0000949858_0001193125-26-344624,0000949858,"ACHIEVE LIFE SCIENCES, INC.",10-Q,2026-08-11,2026-06-30,2026,sec/0000949858/0001193125-26-344624/achv-20260630.htm,2758851,large,5298,662,6671,33,4780,0,0,14,11,0.7857,3,0.2143,1,span,span,heading_tag=span|heading_reach=low|heading_table=high|p=251_plus|div=251_plus|span=251_plus|table=11_50|headings=11_50,SF_7528b8821c,high,heading=span|reach=low|table=high|p=present,59
sec_0001495932_0001104659-25-107719,0001495932,"AGNT, Inc.",10-Q,2025-11-06,2025-09-30,2025,sec/0001495932/0001104659-25-107719/expi-20250930x10q.htm,1443259,medium,3847,738,2366,102,3555,0,0,38,36,0.9474,2,0.0526,1,p,p,heading_tag=p|heading_reach=low|heading_table=high|p=251_plus|div=251_plus|span=251_plus|table=51_250|headings=11_50,SF_ec06ed2f06,high,heading=p|reach=low|table=high|p=present,60
sec_0000004977_0001628280-26-011402,0000004977,AFLAC INC,10-K,2026-02-25,2025-12-31,2025,sec/0000004977/0001628280-26-011402/afl-20251231.htm,8903397,very_large,0,5539,19893,215,45065,0,0,248,32,0.129,0,0.0,1,span,span,heading_tag=span|heading_reach=0|heading_table=low|p=0|div=251_plus|span=251_plus|table=51_250|headings=51_250,SF_32c4ea5556,high,heading=span|reach=0|table=low|p=absent,61
sec_0001831097_0001628280-26-031270,0001831097,"agilon health, inc.",10-Q,2026-05-06,2026-03-31,2026,sec/0001831097/0001628280-26-031270/agl-20260331.htm,954839,medium,0,790,2148,61,4694,0,0,22,11,0.5,0,0.0,1,span,span,heading_tag=span|heading_reach=0|heading_table=medium|p=0|div=251_plus|span=251_plus|table=51_250|headings=11_50,SF_bc08016399,high,heading=span|reach=0|table=medium|p=absent,62
sec_0001446159_0001171843-26-002094,0001446159,Axe Compute Inc.,10-K,2026-03-31,2025-12-31,2025,sec/0001446159/0001171843-26-002094/poai20251231_10k.htm,1938320,medium,2842,648,75,143,5837,0,0,81,54,0.6667,27,0.3333,1,p,p,heading_tag=p|heading_reach=medium|heading_table=medium|p=251_plus|div=251_plus|span=51_250|table=51_250|headings=51_250,SF_2df6e5bc24,medium,heading=p|reach=medium|table=medium|p=present,63
sec_0000764630_0001493152-26-014008,0000764630,"AETERNUM HEALTH, INC.",10-K,2026-03-31,2025-12-31,2025,sec/0000764630/0001493152-26-014008/form10-k.htm,652607,small,884,76,1417,58,2032,0,0,53,26,0.4906,27,0.5094,1,b,span,heading_tag=b|heading_reach=medium|heading_table=medium|p=251_plus|div=51_250|span=251_plus|table=51_250|headings=51_250,SF_9717411e0d,medium,heading=b|reach=medium|table=medium|p=present,64
sec_0000109563_0000109563-26-000033,0000109563,APPLIED INDUSTRIAL TECHNOLOGIES INC,10-K,2026-08-13,2026-06-30,2026,sec/0000109563/0000109563-26-000033/ait-20260630.htm,2071524,large,0,1416,4651,80,7604,0,0,52,27,0.5192,0,0.0,1,span,span,heading_tag=span|heading_reach=0|heading_table=medium|p=0|div=251_plus|span=251_plus|table=51_250|headings=51_250,SF_14785e5fdd,high,heading=span|reach=0|table=medium|p=absent,65
sec_0002099906_0001213900-26-035679,0002099906,Abony Acquisition Corp. I,10-K,2026-03-27,2025-12-31,2025,sec/0002099906/0001213900-26-035679/ea0282881-10k_abony1.htm,1245789,medium,2176,234,3995,202,1815,0,0,51,24,0.4706,27,0.5294,1,span,span,heading_tag=span|heading_reach=medium|heading_table=medium|p=251_plus|div=51_250|span=251_plus|table=51_250|headings=51_250,SF_2850ea0b81,medium,heading=span|reach=medium|table=medium|p=present,66
sec_0001095146_0001683168-26-001588,0001095146,Athena Bitcoin Global,10-K,2026-03-06,2025-12-31,2025,sec/0001095146/0001683168-26-001588/athena_i10k-123125.htm,2148464,large,3753,356,2195,303,9243,0,0,54,27,0.5,27,0.5,1,td,p,heading_tag=td|heading_reach=medium|heading_table=medium|p=251_plus|div=251_plus|span=251_plus|table=251_plus|headings=51_250,SF_ebfe8968f1,medium,heading=td|reach=medium|table=medium|p=present,67
sec_0001870940_0001870940-26-000011,0001870940,"Airsculpt Technologies, Inc.",10-K,2026-03-31,2025-12-31,2025,sec/0001870940/0001870940-26-000011/airs-20251231.htm,1856428,medium,0,2124,4463,59,5858,0,0,54,27,0.5,0,0.0,1,span,span,heading_tag=span|heading_reach=0|heading_table=medium|p=0|div=251_plus|span=251_plus|table=51_250|headings=51_250,SF_14785e5fdd,high,heading=span|reach=0|table=medium|p=absent,68
sec_0001267395_0001267395-19-000008,0001267395,ASPEN INSURANCE HOLDINGS LTD,10-K,2019-02-13,2018-12-31,2018,sec/0001267395/0001267395-19-000008/ahl10-k2018doc.htm,6884440,very_large,0,26358,0,365,25577,0,0,50,37,0.74,0,0.0,1,font,div,heading_tag=font|heading_reach=0|heading_table=medium|p=0|div=251_plus|span=0|table=251_plus|headings=11_50,SF_368fed2e95,high,heading=font|reach=0|table=medium|p=absent,69
sec_0001652935_0001683168-26-006472,0001652935,"ACTUATE THERAPEUTICS, INC.",10-Q,2026-08-14,2026-06-30,2026,sec/0001652935/0001683168-26-006472/actuate_i10q-063026.htm,627997,small,711,76,403,88,3270,0,0,20,18,0.9,2,0.1,1,b,p,heading_tag=b|heading_reach=low|heading_table=high|p=251_plus|div=51_250|span=251_plus|table=51_250|headings=11_50,SF_e6168f173f,high,heading=b|reach=low|table=high|p=present,70
sec_0001273685_0001273685-26-000069,0001273685,"ADAMAS TRUST, INC.",10-Q,2026-07-31,2026-06-30,2026,sec/0001273685/0001273685-26-000069/adam-20260630.htm,6171665,very_large,0,3990,13461,177,30886,0,0,19,9,0.4737,0,0.0,1,span,span,heading_tag=span|heading_reach=0|heading_table=medium|p=0|div=251_plus|span=251_plus|table=51_250|headings=11_50,SF_bc08016399,high,heading=span|reach=0|table=medium|p=absent,71
sec_0001362190_0001558370-25-010934,0001362190,AUDIOEYE INC,10-Q,2025-08-08,2025-06-30,2025,sec/0001362190/0001558370-25-010934/aeye-20250630x10q.htm,1591065,medium,4891,1019,2977,68,4464,0,0,31,20,0.6452,11,0.3548,1,b,p,heading_tag=b|heading_reach=medium|heading_table=medium|p=251_plus|div=251_plus|span=251_plus|table=51_250|headings=11_50,SF_7a661c471d,medium,heading=b|reach=medium|table=medium|p=present,72
sec_0000849401_0001437749-26-004097,0000849401,"ADM TRONICS UNLIMITED, INC.",10-Q,2026-02-13,2025-12-31,2025,sec/0000849401/0001437749-26-004097/admt20251231_10q.htm,955084,medium,968,191,52,32,3827,0,0,26,13,0.5,13,0.5,1,p,p,heading_tag=p|heading_reach=medium|heading_table=medium|p=251_plus|div=51_250|span=51_250|table=11_50|headings=11_50,SF_67bfaaf562,medium,heading=p|reach=medium|table=medium|p=present,73
sec_0001415311_0001193125-26-077441,0001415311,ProShares Trust II,10-K,2026-02-26,2025-12-31,2025,sec/0001415311/0001193125-26-077441/d785470d10k.htm,8416741,very_large,2697,11794,869,547,58273,0,0,54,27,0.5,12,0.2222,1,p,div,heading_tag=p|heading_reach=low|heading_table=medium|p=251_plus|div=251_plus|span=251_plus|table=251_plus|headings=51_250,SF_293d6a107f,high,heading=p|reach=low|table=medium|p=present,74
sec_0001401521_0001401521-26-000029,0001401521,AMERICAN COASTAL INSURANCE Corp,10-Q,2026-05-08,2026-03-31,2026,sec/0001401521/0001401521-26-000029/acic-20260331.htm,3425834,large,7453,341,8325,71,7369,0,0,39,26,0.6667,13,0.3333,1,span,span,heading_tag=span|heading_reach=medium|heading_table=medium|p=251_plus|div=251_plus|span=251_plus|table=51_250|headings=11_50,SF_0d3781553a,medium,heading=span|reach=medium|table=medium|p=present,75
sec_0000935036_0000935036-25-000031,0000935036,"ACI WORLDWIDE, INC.",10-Q,2025-11-06,2025-09-30,2025,sec/0000935036/0000935036-25-000031/aciw-20250930.htm,1361165,medium,0,1112,3082,44,5933,0,0,15,2,0.1333,0,0.0,1,span,span,heading_tag=span|heading_reach=0|heading_table=low|p=0|div=251_plus|span=251_plus|table=11_50|headings=11_50,SF_da0fc63e88,high,heading=span|reach=0|table=low|p=absent,76
sec_0001467373_0001467373-25-000222,0001467373,Accenture plc,10-Q,2025-12-18,2025-11-30,2025,sec/0001467373/0001467373-25-000222/acn-20251130.htm,1241861,medium,0,832,2823,77,7007,0,0,39,26,0.6667,0,0.0,1,span,span,heading_tag=span|heading_reach=0|heading_table=medium|p=0|div=251_plus|span=251_plus|table=51_250|headings=11_50,SF_bc08016399,high,heading=span|reach=0|table=medium|p=absent,77
sec_0000821130_0000821130-26-000046,0000821130,"ARRAY DIGITAL INFRASTRUCTURE, INC.",10-Q,2026-08-07,2026-06-30,2026,sec/0000821130/0000821130-26-000046/ad-20260630.htm,1119864,medium,0,769,2636,35,5251,0,0,11,11,1.0,0,0.0,1,span,span,heading_tag=span|heading_reach=0|heading_table=high|p=0|div=251_plus|span=251_plus|table=11_50|headings=11_50,SF_4118070f34,high,heading=span|reach=0|table=high|p=absent,78
sec_0000824142_0000824142-26-000036,0000824142,"AAON, INC.",10-Q,2026-05-07,2026-03-31,2026,sec/0000824142/0000824142-26-000036/aaon-20260331.htm,1425973,medium,0,909,2993,78,9335,0,0,15,0,0.0,0,0.0,0,span,span,heading_tag=span|heading_reach=0|heading_table=0|p=0|div=251_plus|span=251_plus|table=51_250|headings=11_50,SF_eddc436353,high,heading=span|reach=0|table=0|p=absent,79
sec_0001156041_0001493152-26-012070,0001156041,"ABUNDIA GLOBAL IMPACT GROUP, INC.",10-K,2026-03-23,2025-12-31,2025,sec/0001156041/0001493152-26-012070/form10-k.htm,2008075,large,2035,175,4765,275,8821,0,0,57,53,0.9298,4,0.0702,1,span,span,heading_tag=span|heading_reach=low|heading_table=high|p=251_plus|div=51_250|span=251_plus|table=251_plus|headings=51_250,SF_93c5e6f5ad,high,heading=span|reach=low|table=high|p=present,80
sec_0001852016_0001193125-26-214649,0001852016,AltEnergy Acquisition Corp,10-Q,2026-05-08,2026-03-31,2026,sec/0001852016/0001193125-26-214649/d113374d10q.htm,745867,small,178,1366,60,44,2558,0,13,24,11,0.4583,4,0.1667,1,td,div,heading_tag=td|heading_reach=low|heading_table=medium|p=51_250|div=251_plus|span=51_250|table=11_50|headings=11_50,SF_c46b104c34,high,heading=td|reach=low|table=medium|p=present,81
sec_0001646972_0001646972-26-000010,0001646972,"Albertsons Companies, Inc.",10-Q,2026-01-07,2025-11-29,2025,sec/0001646972/0001646972-26-000010/aci-20251129.htm,1291795,medium,0,972,2963,36,6505,0,0,26,13,0.5,0,0.0,1,span,span,heading_tag=span|heading_reach=0|heading_table=medium|p=0|div=251_plus|span=251_plus|table=11_50|headings=11_50,SF_d41567ce83,high,heading=span|reach=0|table=medium|p=absent,82
sec_0001635077_0001683168-26-001986,0001635077,"Aclarion, Inc.",10-K,2026-03-18,2025-12-31,2025,sec/0001635077/0001683168-26-001986/aclarion_i10k-123125.htm,1965143,medium,2852,284,3398,310,8471,0,0,49,36,0.7347,13,0.2653,1,b,span,heading_tag=b|heading_reach=medium|heading_table=medium|p=251_plus|div=251_plus|span=251_plus|table=251_plus|headings=11_50,SF_b316c37d5a,medium,heading=b|reach=medium|table=medium|p=present,83
sec_0002096362_0001193125-26-277544,0002096362,AIAI Holdings Corp,10-Q,2026-06-22,2026-03-31,2026,sec/0002096362/0001193125-26-277544/aiai-20260331.htm,2326590,large,4521,490,5487,37,4272,0,2,25,13,0.52,12,0.48,1,span,span,heading_tag=span|heading_reach=medium|heading_table=medium|p=251_plus|div=251_plus|span=251_plus|table=11_50|headings=11_50,SF_26da39a516,medium,heading=span|reach=medium|table=medium|p=present,84
sec_0000008177_0001140361-24-046143,0000008177,ATLANTIC AMERICAN CORP,10-Q,2024-11-12,2024-09-30,2024,sec/0000008177/0001140361-24-046143/ef20034523_10q.htm,1807028,medium,0,2813,444,75,6524,0,0,16,8,0.5,0,0.0,1,div,div,heading_tag=div|heading_reach=0|heading_table=medium|p=0|div=251_plus|span=251_plus|table=51_250|headings=11_50,SF_8c4a221f32,high,heading=div|reach=0|table=medium|p=absent,85
sec_0001603345_0001477932-26-004133,0001603345,Agentix Corp.,10-K,2026-07-01,2026-03-31,2026,sec/0001603345/0001477932-26-004133/agtx_10k.htm,546871,small,2597,1,79,67,2178,0,0,54,27,0.5,27,0.5,1,strong,p,heading_tag=strong|heading_reach=medium|heading_table=medium|p=251_plus|div=1_10|span=51_250|table=51_250|headings=51_250,SF_371cbe4c0b,medium,heading=strong|reach=medium|table=medium|p=present,86
sec_0000880266_0000880266-26-000068,0000880266,AGCO CORP /DE,10-Q,2026-07-30,2026-06-30,2026,sec/0000880266/0000880266-26-000068/agco-20260630.htm,2153923,large,0,1441,4252,69,10066,0,0,22,11,0.5,0,0.0,1,span,span,heading_tag=span|heading_reach=0|heading_table=medium|p=0|div=251_plus|span=251_plus|table=51_250|headings=11_50,SF_bc08016399,high,heading=span|reach=0|table=medium|p=absent,87
sec_0001842566_0001654954-26-001280,0001842566,"Airship AI Holdings, Inc.",10-K,2026-02-17,2025-12-31,2025,sec/0001842566/0001654954-26-001280/airsp_10k.htm,1999072,medium,8886,1,203,201,8648,0,0,50,25,0.5,25,0.5,1,p,p,heading_tag=p|heading_reach=medium|heading_table=medium|p=251_plus|div=1_10|span=51_250|table=51_250|headings=11_50,SF_4c0b19f1d0,medium,heading=p|reach=medium|table=medium|p=present,88
sec_0000868857_0000868857-26-000011,0000868857,AECOM,10-Q,2026-02-10,2026-01-02,2026,sec/0000868857/0000868857-26-000011/acm-20260102.htm,1419572,medium,0,862,2921,58,7335,0,0,26,13,0.5,0,0.0,1,span,span,heading_tag=span|heading_reach=0|heading_table=medium|p=0|div=251_plus|span=251_plus|table=51_250|headings=11_50,SF_bc08016399,high,heading=span|reach=0|table=medium|p=absent,89
sec_0001495932_0001104659-26-019145,0001495932,"AGNT, Inc.",10-K,2026-02-24,2025-12-31,2025,sec/0001495932/0001104659-26-019145/expi-20251231x10k.htm,2172165,large,5469,856,3271,174,4893,28,0,78,74,0.9487,4,0.0513,1,p,p,heading_tag=p|heading_reach=low|heading_table=high|p=251_plus|div=251_plus|span=251_plus|table=51_250|headings=51_250,SF_857f1d7873,high,heading=p|reach=low|table=high|p=present,90
sec_0000095953_0000095953-26-000040,0000095953,ASCENT INDUSTRIES CO.,10-K,2026-03-03,2025-12-31,2025,sec/0000095953/0000095953-26-000040/acnt-20251231.htm,1692286,medium,0,1736,3759,61,8110,0,0,31,4,0.129,0,0.0,1,span,span,heading_tag=span|heading_reach=0|heading_table=low|p=0|div=251_plus|span=251_plus|table=51_250|headings=11_50,SF_0a484c4a62,high,heading=span|reach=0|table=low|p=absent,91
sec_0000943034_0000897101-22-000298,0000943034,AUTOSCOPE TECHNOLOGIES CORP,10-K,2022-03-22,2021-12-31,2021,sec/0000943034/0000897101-22-000298/aatc-20211231.htm,1499417,medium,2922,351,5772,109,3769,0,6,79,27,0.3418,0,0.0,1,span,span,heading_tag=span|heading_reach=0|heading_table=medium|p=251_plus|div=251_plus|span=251_plus|table=51_250|headings=51_250,SF_91b4940dd9,high,heading=span|reach=0|table=medium|p=present,92
sec_0001272842_0001193125-26-335336,0001272842,AIRGAIN INC,10-Q,2026-08-05,2026-06-30,2026,sec/0001272842/0001193125-26-335336/airg-20260630.htm,2878394,large,6442,160,6896,48,6622,0,0,37,24,0.6486,13,0.3514,1,span,span,heading_tag=span|heading_reach=medium|heading_table=medium|p=251_plus|div=51_250|span=251_plus|table=11_50|headings=11_50,SF_a2d4af7e19,medium,heading=span|reach=medium|table=medium|p=present,93
sec_0001158114_0001437749-26-015620,0001158114,"APPLIED OPTOELECTRONICS, INC.",10-Q,2026-05-07,2026-03-31,2026,sec/0001158114/0001437749-26-015620/aaoi20260331_10q.htm,1274741,medium,1410,278,197,64,4854,0,0,22,12,0.5455,10,0.4545,1,b,p,heading_tag=b|heading_reach=medium|heading_table=medium|p=251_plus|div=251_plus|span=51_250|table=51_250|headings=11_50,SF_f4eac69bba,medium,heading=b|reach=medium|table=medium|p=present,94
sec_0000769397_0000769397-25-000129,0000769397,"Autodesk, Inc.",10-Q,2025-11-26,2025-10-31,2025,sec/0000769397/0000769397-25-000129/adsk-20251031.htm,2180263,large,0,1729,4967,66,10933,0,0,26,13,0.5,0,0.0,1,span,span,heading_tag=span|heading_reach=0|heading_table=medium|p=0|div=251_plus|span=251_plus|table=51_250|headings=11_50,SF_bc08016399,high,heading=span|reach=0|table=medium|p=absent,95
sec_0001171008_0001493152-23-012694,0001171008,ADAMANT DRI PROCESSING & MINERALS GROUP,10-K,2023-04-18,2022-12-31,2022,sec/0001171008/0001493152-23-012694/form10-k.htm,411528,small,776,67,0,78,1853,0,0,31,27,0.871,4,0.129,1,b,p,heading_tag=b|heading_reach=low|heading_table=high|p=251_plus|div=51_250|span=0|table=51_250|headings=11_50,SF_607fa2421a,high,heading=b|reach=low|table=high|p=present,96
sec_0001144980_0001144980-26-000051,0001144980,ASBURY AUTOMOTIVE GROUP INC,10-K,2026-02-20,2025-12-31,2025,sec/0001144980/0001144980-26-000051/abg-20251231.htm,3163914,large,0,2247,6802,107,13408,0,0,54,27,0.5,0,0.0,1,span,span,heading_tag=span|heading_reach=0|heading_table=medium|p=0|div=251_plus|span=251_plus|table=51_250|headings=51_250,SF_14785e5fdd,high,heading=span|reach=0|table=medium|p=absent,97
sec_0001881487_0001193125-25-274194,0001881487,ProFrac Holding Corp.,10-Q,2025-11-10,2025-09-30,2025,sec/0001881487/0001193125-25-274194/acdc-20250930.htm,3490366,large,7819,329,8692,35,7814,0,0,19,15,0.7895,4,0.2105,1,span,span,heading_tag=span|heading_reach=low|heading_table=high|p=251_plus|div=251_plus|span=251_plus|table=11_50|headings=11_50,SF_7528b8821c,high,heading=span|reach=low|table=high|p=present,98
sec_0002083002_0001104659-26-008658,0002083002,American Drive Acquisition Co,10-Q,2026-01-30,2025-09-30,2025,sec/0002083002/0001104659-26-008658/adac-20250930x10q.htm,477757,small,1019,198,450,18,651,0,0,41,28,0.6829,13,0.3171,1,p,p,heading_tag=p|heading_reach=medium|heading_table=medium|p=251_plus|div=51_250|span=251_plus|table=11_50|headings=11_50,SF_f1eaf5528b,medium,heading=p|reach=medium|table=medium|p=present,99
sec_0002092897_0001193125-26-214833,0002092897,Armada Acquisition Corp. III,10-Q,2026-05-08,2026-03-31,2026,sec/0002092897/0001193125-26-214833/d77851d10q.htm,539618,small,98,1179,71,29,1929,0,0,27,14,0.5185,4,0.1481,1,p,div,heading_tag=p|heading_reach=low|heading_table=medium|p=51_250|div=251_plus|span=51_250|table=11_50|headings=11_50,SF_b84c643b6a,high,heading=p|reach=low|table=medium|p=present,100
